{
  "timestamp": "2026-01-10 04:19:08",
  "iterations": 10,
  "benchmarks": [
    {
      "command": "recent (10 conversations)",
      "rust": {
        "mean_ms": 4.664054309250787,
        "median_ms": 4.505979508394375,
        "min_ms": 3.9719169726595283,
        "max_ms": 6.250125006772578,
        "stddev_ms": 0.6360672486404192,
        "times_ms": [
          4.103834042325616,
          4.86699998145923,
          4.324042005464435,
          6.250125006772578,
          4.533042025286704,
          4.78629203280434,
          4.478916991502047,
          4.428666026797146,
          4.896708007436246,
          3.9719169726595283
        ]
      },
      "python": {
        "mean_ms": 53.102266596397385,
        "median_ms": 52.98512501758523,
        "min_ms": 52.16324998764321,
        "max_ms": 54.717040969990194,
        "stddev_ms": 0.7753108275950301,
        "times_ms": [
          52.279083989560604,
          52.594957989640534,
          52.81212500995025,
          52.656790998298675,
          53.158125025220215,
          53.651624999474734,
          52.16324998764321,
          53.28275001375005,
          53.706916980445385,
          54.717040969990194
        ]
      },
      "speedup": 11.3854305879486
    },
    {
      "command": "unread",
      "rust": {
        "mean_ms": 4.591462714597583,
        "median_ms": 4.511728970101103,
        "min_ms": 4.184250021353364,
        "max_ms": 4.96441702125594,
        "stddev_ms": 0.31001460016162,
        "times_ms": [
          4.96441702125594,
          4.909792041871697,
          4.392166971229017,
          4.184250021353364,
          4.945334047079086,
          4.5609999797306955,
          4.271334037184715,
          4.317917046137154,
          4.905958019662648,
          4.462457960471511
        ]
      },
      "python": {
        "mean_ms": 54.65950011857785,
        "median_ms": 54.42687502363697,
        "min_ms": 53.14216698752716,
        "max_ms": 56.55379203381017,
        "stddev_ms": 1.206175874584784,
        "times_ms": [
          53.587500005960464,
          54.30420901393518,
          53.14216698752716,
          54.549541033338755,
          53.82520903367549,
          53.450083010829985,
          56.55379203381017,
          55.694625014439225,
          55.33566704252735,
          56.15220800973475
        ]
      },
      "speedup": 11.904594138334076
    },
    {
      "command": "analytics (30 days)",
      "rust": {
        "mean_ms": 22.013145894743502,
        "median_ms": 21.89802099019289,
        "min_ms": 21.474207984283566,
        "max_ms": 23.236417036969215,
        "stddev_ms": 0.5255260052665375,
        "times_ms": [
          21.474207984283566,
          21.862625028006732,
          21.523125004023314,
          22.018584015313536,
          22.52179099014029,
          21.933416952379048,
          23.236417036969215,
          21.76824997877702,
          22.101083945017308,
          21.691958012524992
        ]
      },
      "python": {
        "mean_ms": 67.14551229961216,
        "median_ms": 67.19343698932789,
        "min_ms": 66.1494160303846,
        "max_ms": 68.60350002534688,
        "stddev_ms": 0.788489654172653,
        "times_ms": [
          66.1494160303846,
          68.21374996798113,
          68.60350002534688,
          66.2885420024395,
          67.22383300075307,
          67.26441596401855,
          67.30629201047122,
          67.16304097790271,
          66.56791700515896,
          66.67441601166502
        ]
      },
      "speedup": 3.050246094795827
    },
    {
      "command": "followup (7 days)",
      "rust": {
        "mean_ms": 6.734641699586064,
        "median_ms": 6.517875503050163,
        "min_ms": 6.230540981050581,
        "max_ms": 8.067083021160215,
        "stddev_ms": 0.5527234311061741,
        "times_ms": [
          8.067083021160215,
          6.230540981050581,
          6.576458981726319,
          6.295249972026795,
          6.440082972403616,
          6.752417015377432,
          7.157291984185576,
          6.962625018786639,
          6.405375024769455,
          6.459292024374008
        ]
      },
      "python": {
        "mean_ms": 60.77979991096072,
        "median_ms": 61.140520992921665,
        "min_ms": 58.76470799557865,
        "max_ms": 62.80795799102634,
        "stddev_ms": 1.3752644930425284,
        "times_ms": [
          61.81325000943616,
          61.47312500979751,
          61.62612501066178,
          60.7491250266321,
          62.80795799102634,
          60.80791697604582,
          58.81850002333522,
          61.59583304543048,
          59.34145802166313,
          58.76470799557865
        ]
      },
      "speedup": 9.024949302751544
    },
    {
      "command": "reactions (100)",
      "rust": {
        "mean_ms": 5.175408499781042,
        "median_ms": 5.23377102217637,
        "min_ms": 4.661083046812564,
        "max_ms": 5.610749998595566,
        "stddev_ms": 0.3071234771301025,
        "times_ms": [
          5.481709027662873,
          4.995082970708609,
          5.294583970680833,
          5.213792028371245,
          5.253750015981495,
          5.423999973572791,
          4.761874966789037,
          5.057458998635411,
          5.610749998595566,
          4.661083046812564
        ]
      },
      "python": {
        "mean_ms": 50.50181670230813,
        "median_ms": 50.31529150437564,
        "min_ms": 49.90279203047976,
        "max_ms": 52.71104199346155,
        "stddev_ms": 0.7935651470428545,
        "times_ms": [
          49.90279203047976,
          52.71104199346155,
          50.35045801196247,
          50.24675000458956,
          50.35791703267023,
          50.20762496860698,
          50.2801249967888,
          50.426708010490984,
          50.08262500632554,
          50.45212496770546
        ]
      },
      "speedup": 9.758034888346442
    },
    {
      "command": "handles (30 days)",
      "rust": {
        "mean_ms": 5.156137503217906,
        "median_ms": 5.199749488383532,
        "min_ms": 4.658541991375387,
        "max_ms": 5.684208997990936,
        "stddev_ms": 0.3571551459285722,
        "times_ms": [
          4.849625052884221,
          5.555165989790112,
          5.684208997990936,
          5.254957999568433,
          4.920584033243358,
          5.144540977198631,
          5.314000009093434,
          4.72291698679328,
          5.456832994241267,
          4.658541991375387
        ]
      },
      "python": {
        "mean_ms": 52.490962186129764,
        "median_ms": 52.161166473524645,
        "min_ms": 51.223707967437804,
        "max_ms": 54.35541598126292,
        "stddev_ms": 1.0508347366938884,
        "times_ms": [
          54.35541598126292,
          52.855499961879104,
          51.90841597504914,
          52.193624956998974,
          51.38950003311038,
          51.223707967437804,
          52.085625007748604,
          54.155832971446216,
          52.128707990050316,
          52.61329101631418
        ]
      },
      "speedup": 10.180287502684045
    },
    {
      "command": "unknown (30 days)",
      "rust": {
        "mean_ms": 30.682583298766986,
        "median_ms": 30.199916480341926,
        "min_ms": 29.691291972994804,
        "max_ms": 32.344791979994625,
        "stddev_ms": 1.0147819808644922,
        "times_ms": [
          29.939749976620078,
          30.43495799647644,
          29.691291972994804,
          30.170290963724256,
          32.18375000869855,
          31.80829103803262,
          32.344791979994625,
          30.229541996959597,
          29.91050004493445,
          30.11266700923443
        ]
      },
      "python": {
        "mean_ms": 59.48840829660185,
        "median_ms": 58.856896008364856,
        "min_ms": 57.641541003249586,
        "max_ms": 61.72416603658348,
        "stddev_ms": 1.55740734158374,